CustomerID,Tenure,MonthlyCharges,TotalCharges,Contract,PaymentMethod,PaperlessBilling,SeniorCitizen,Churn,PaperlessBilling_Flag,TenureBucket,AvgMonthlySpendToDate
C00001,6,64,1540,One Year,Credit Card,No,1,0,0,0-12,256.6666666666667
C00002,21,113,1753,Month-To-Month,Electronic Check,Yes,1,0,1,13-24,83.47619047619048
C00003,27,31,1455,Two Year,Credit Card,No,1,0,0,25-36,53.888888888888886
C00004,53,29,7150,Month-To-Month,Electronic Check,No,1,0,0,49-60,134.9056603773585
C00005,16,185,1023,One Year,Electronic Check,No,1,0,0,13-24,63.9375
C00006,55,44,7538,Two Year,Electronic Check,No,0,0,0,49-60,137.05454545454546
C00007,66,99,4178,Two Year,Bank Transfer,No,1,0,0,61-72,63.303030303030305
C00008,61,128,3088,Month-To-Month,Bank Transfer,No,1,0,0,61-72,50.622950819672134
C00009,64,124,7973,Month-To-Month,Credit Card,No,1,0,0,61-72,124.578125
C00010,14,120,5844,One Year,Bank Transfer,Yes,1,0,1,13-24,417.42857142857144
C00011,59,57,5168,One Year,Credit Card,Yes,0,0,1,49-60,87.59322033898304
C00012,7,110,7282,Month-To-Month,Electronic Check,No,1,1,0,0-12,1040.2857142857142
C00013,53,86,3438,Month-To-Month,Bank Transfer,Yes,1,0,1,49-60,64.86792452830188
C00014,8,158,6194,Month-To-Month,Credit Card,No,1,1,0,0-12,774.25
C00015,53,58,768,Month-To-Month,Credit Card,Yes,1,0,1,49-60,14.49056603773585
C00016,65,77,4071,Month-To-Month,Credit Card,Yes,1,0,1,61-72,62.63076923076923
C00017,19,187,4874,Two Year,Credit Card,No,0,0,0,13-24,256.5263157894737
C00018,42,101,3736,One Year,Bank Transfer,Yes,0,0,1,37-48,88.95238095238095
C00019,7,156,5389,One Year,Bank Transfer,Yes,0,1,1,0-12,769.8571428571429
C00020,26,105,6868,Month-To-Month,Bank Transfer,Yes,1,0,1,25-36,264.15384615384613
C00021,38,137,1000,Month-To-Month,Electronic Check,No,1,0,0,37-48,26.31578947368421
C00022,25,120,4855,Two Year,Credit Card,Yes,0,0,1,25-36,194.2
C00023,60,40,1755,One Year,Credit Card,No,1,0,0,49-60,29.25
C00024,30,100,3710,Two Year,Credit Card,No,1,0,0,25-36,123.66666666666667
C00025,25,193,7565,Month-To-Month,Bank Transfer,No,0,0,0,25-36,302.6
C00026,47,181,3295,One Year,Credit Card,No,1,0,0,37-48,70.1063829787234
C00027,60,101,3741,Month-To-Month,Bank Transfer,No,1,0,0,49-60,62.35
C00028,20,56,3950,One Year,Bank Transfer,No,1,0,0,13-24,197.5
C00029,36,175,3682,One Year,Bank Transfer,No,0,0,0,25-36,102.27777777777777
C00030,34,190,7540,One Year,Bank Transfer,No,1,0,0,25-36,221.76470588235293
C00031,28,101,4643,One Year,Electronic Check,Yes,1,0,1,25-36,165.82142857142858
C00032,10,196,4825,Month-To-Month,Credit Card,Yes,0,1,1,0-12,482.5
C00033,43,182,7129,One Year,Electronic Check,Yes,0,0,1,37-48,165.7906976744186
C00034,32,195,7139,One Year,Bank Transfer,Yes,1,0,1,25-36,223.09375
C00035,60,44,1302,One Year,Credit Card,No,1,0,0,49-60,21.7
C00036,50,116,690,Month-To-Month,Credit Card,No,1,0,0,49-60,13.8
C00037,37,42,947,Month-To-Month,Electronic Check,No,0,0,0,37-48,25.594594594594593
C00038,62,166,6225,Two Year,Electronic Check,Yes,1,0,1,61-72,100.40322580645162
C00039,50,84,858,Month-To-Month,Credit Card,No,0,0,0,49-60,17.16
C00040,26,151,1952,Two Year,Electronic Check,No,0,0,0,25-36,75.07692307692308
C00041,42,20,1950,Two Year,Credit Card,Yes,1,0,1,37-48,46.42857142857143
C00042,7,148,2701,Two Year,Credit Card,Yes,0,0,1,0-12,385.85714285714283
C00043,63,89,6547,One Year,Electronic Check,Yes,0,0,1,61-72,103.92063492063492
C00044,42,123,3913,Month-To-Month,Credit Card,No,1,0,0,37-48,93.16666666666667
C00045,34,93,3344,Two Year,Credit Card,Yes,0,0,1,25-36,98.3529411764706
C00046,32,170,4773,Two Year,Credit Card,No,1,0,0,25-36,149.15625
C00047,22,46,7555,Month-To-Month,Bank Transfer,No,1,0,0,13-24,343.40909090909093
C00048,37,162,3735,Month-To-Month,Electronic Check,Yes,1,0,1,37-48,100.94594594594595
C00049,56,49,3376,Month-To-Month,Bank Transfer,No,0,0,0,49-60,60.285714285714285
C00050,49,121,5161,One Year,Bank Transfer,Yes,0,0,1,49-60,105.3265306122449
C00051,71,172,416,Month-To-Month,Electronic Check,No,1,0,0,61-72,5.859154929577465
C00052,31,154,7537,Two Year,Credit Card,Yes,1,0,1,25-36,243.1290322580645
C00053,53,48,1497,One Year,Credit Card,No,0,0,0,49-60,28.245283018867923
C00054,49,68,2615,Month-To-Month,Bank Transfer,Yes,1,0,1,49-60,53.36734693877551
C00055,9,157,7022,Month-To-Month,Bank Transfer,No,0,1,0,0-12,780.2222222222222
C00056,47,54,6827,Two Year,Bank Transfer,Yes,0,0,1,37-48,145.25531914893617
C00057,58,121,3537,One Year,Credit Card,No,1,0,0,49-60,60.98275862068966
C00058,59,72,7053,Month-To-Month,Bank Transfer,Yes,0,0,1,49-60,119.54237288135593
C00059,36,38,3792,One Year,Bank Transfer,Yes,1,0,1,25-36,105.33333333333333
C00060,26,182,7074,Month-To-Month,Credit Card,No,0,0,0,25-36,272.0769230769231
C00061,23,187,5608,Month-To-Month,Electronic Check,No,1,0,0,13-24,243.82608695652175
C00062,10,195,4284,Two Year,Electronic Check,No,0,1,0,0-12,428.4
C00063,53,128,5803,One Year,Bank Transfer,No,0,0,0,49-60,109.49056603773585
C00064,25,176,4496,One Year,Bank Transfer,No,1,0,0,25-36,179.84
C00065,65,180,4142,One Year,Credit Card,Yes,0,0,1,61-72,63.723076923076924
C00066,3,140,2541,One Year,Electronic Check,No,1,0,0,0-12,847.0
C00067,53,61,3631,One Year,Bank Transfer,No,0,0,0,49-60,68.50943396226415
C00068,62,62,3016,Two Year,Credit Card,Yes,0,0,1,61-72,48.645161290322584
C00069,2,102,1333,Two Year,Credit Card,Yes,0,1,1,0-12,666.5
C00070,53,21,6828,One Year,Credit Card,No,0,0,0,49-60,128.83018867924528
C00071,69,153,1418,Month-To-Month,Electronic Check,No,0,0,0,61-72,20.55072463768116
C00072,68,153,1930,One Year,Electronic Check,Yes,0,0,1,61-72,28.38235294117647
C00073,13,125,3696,Two Year,Credit Card,No,1,0,0,13-24,284.3076923076923
C00074,2,152,2038,Month-To-Month,Bank Transfer,No,0,1,0,0-12,1019.0
C00075,70,77,7593,Two Year,Electronic Check,Yes,0,0,1,61-72,108.47142857142858
C00076,35,170,936,One Year,Bank Transfer,Yes,0,0,1,25-36,26.742857142857144
C00077,4,43,7302,Month-To-Month,Credit Card,Yes,0,1,1,0-12,1825.5
C00078,41,109,7937,Two Year,Bank Transfer,Yes,1,0,1,37-48,193.58536585365854
C00079,8,95,3792,One Year,Bank Transfer,Yes,1,0,1,0-12,474.0
C00080,47,138,6406,Two Year,Credit Card,Yes,0,0,1,37-48,136.29787234042553
C00081,35,139,5211,Two Year,Bank Transfer,No,0,0,0,25-36,148.88571428571427
C00082,30,162,3917,One Year,Credit Card,No,0,0,0,25-36,130.56666666666666
C00083,27,142,1908,Two Year,Bank Transfer,No,1,0,0,25-36,70.66666666666667
C00084,50,141,4412,Month-To-Month,Credit Card,No,0,0,0,49-60,88.24
C00085,51,136,4725,Two Year,Bank Transfer,Yes,1,0,1,49-60,92.6470588235294
C00086,63,29,7685,Two Year,Credit Card,Yes,1,0,1,61-72,121.98412698412699
C00087,43,103,2856,One Year,Electronic Check,No,1,0,0,37-48,66.4186046511628
C00088,40,108,2650,One Year,Electronic Check,No,1,0,0,37-48,66.25
C00089,41,177,4075,One Year,Bank Transfer,Yes,0,0,1,37-48,99.39024390243902
C00090,21,126,7735,One Year,Credit Card,Yes,0,0,1,13-24,368.3333333333333
C00091,3,188,2422,Two Year,Credit Card,No,1,0,0,0-12,807.3333333333334
C00092,42,122,1294,Two Year,Bank Transfer,No,0,0,0,37-48,30.80952380952381
C00093,18,29,7469,Month-To-Month,Electronic Check,Yes,0,0,1,13-24,414.94444444444446
C00094,55,193,4344,Two Year,Bank Transfer,No,1,0,0,49-60,78.98181818181818
C00095,21,140,3171,One Year,Electronic Check,No,1,0,0,13-24,151.0
C00096,20,150,1780,Month-To-Month,Electronic Check,Yes,0,0,1,13-24,89.0
C00097,15,40,510,Month-To-Month,Bank Transfer,No,0,0,0,13-24,34.0
C00098,42,172,1168,Month-To-Month,Bank Transfer,No,1,0,0,37-48,27.80952380952381
C00099,10,143,3353,Two Year,Electronic Check,No,1,1,0,0-12,335.3
C00100,39,84,7566,One Year,Electronic Check,No,1,0,0,37-48,194.0
C00101,66,170,1059,Month-To-Month,Electronic Check,No,1,0,0,61-72,16.045454545454547
C00102,50,130,1087,One Year,Electronic Check,Yes,1,0,1,49-60,21.74
C00103,44,78,6369,One Year,Bank Transfer,Yes,1,0,1,37-48,144.75
C00104,7,39,6651,One Year,Electronic Check,Yes,1,0,1,0-12,950.1428571428571
C00105,3,115,5547,Two Year,Bank Transfer,No,0,1,0,0-12,1849.0
C00106,21,75,7026,Two Year,Bank Transfer,Yes,1,0,1,13-24,334.57142857142856
C00107,3,59,7111,Month-To-Month,Credit Card,Yes,1,1,1,0-12,2370.3333333333335
C00108,18,56,7925,One Year,Electronic Check,No,0,0,0,13-24,440.27777777777777
C00109,48,152,4042,One Year,Electronic Check,Yes,1,0,1,37-48,84.20833333333333
C00110,32,24,2939,Two Year,Electronic Check,Yes,1,0,1,25-36,91.84375
C00111,41,88,3461,One Year,Bank Transfer,Yes,1,0,1,37-48,84.41463414634147
C00112,55,87,3353,Two Year,Credit Card,No,1,0,0,49-60,60.96363636363636
C00113,15,102,1746,Month-To-Month,Credit Card,No,1,0,0,13-24,116.4
C00114,31,111,2539,Month-To-Month,Credit Card,No,0,0,0,25-36,81.90322580645162
C00115,33,160,2315,One Year,Bank Transfer,No,0,0,0,25-36,70.15151515151516
C00116,70,164,5320,One Year,Credit Card,No,0,0,0,61-72,76.0
C00117,14,187,2225,Two Year,Electronic Check,Yes,0,0,1,13-24,158.92857142857142
C00118,35,98,4023,Two Year,Bank Transfer,Yes,0,0,1,25-36,114.94285714285714
C00119,56,83,562,Month-To-Month,Bank Transfer,Yes,0,0,1,49-60,10.035714285714286
C00120,62,75,2451,One Year,Credit Card,No,0,0,0,61-72,39.53225806451613
C00121,30,107,6906,One Year,Credit Card,Yes,1,0,1,25-36,230.2
C00122,15,147,2687,One Year,Electronic Check,No,0,0,0,13-24,179.13333333333333
C00123,41,114,2419,Two Year,Bank Transfer,No,1,0,0,37-48,59.0
C00124,27,50,2751,Two Year,Electronic Check,Yes,1,0,1,25-36,101.88888888888889
C00125,4,177,950,Month-To-Month,Credit Card,Yes,0,1,1,0-12,237.5
C00126,62,183,7208,Two Year,Electronic Check,Yes,1,0,1,61-72,116.25806451612904
C00127,31,62,5887,One Year,Bank Transfer,No,1,0,0,25-36,189.90322580645162
C00128,13,137,7128,One Year,Bank Transfer,Yes,0,0,1,13-24,548.3076923076923
C00129,20,179,2692,Month-To-Month,Bank Transfer,Yes,1,0,1,13-24,134.6
C00130,8,174,3979,Two Year,Credit Card,Yes,0,1,1,0-12,497.375
C00131,2,125,7858,Month-To-Month,Electronic Check,No,1,1,0,0-12,3929.0
C00132,3,79,891,Month-To-Month,Credit Card,No,1,1,0,0-12,297.0
C00133,48,92,5908,Two Year,Bank Transfer,Yes,0,0,1,37-48,123.08333333333333
C00134,15,28,6569,Month-To-Month,Credit Card,No,1,0,0,13-24,437.93333333333334
C00135,64,101,5706,Month-To-Month,Bank Transfer,Yes,1,0,1,61-72,89.15625
C00136,52,152,4318,Two Year,Bank Transfer,Yes,0,0,1,49-60,83.03846153846153
C00137,10,134,4476,Month-To-Month,Electronic Check,No,0,1,0,0-12,447.6
C00138,30,188,4095,Two Year,Electronic Check,Yes,0,0,1,25-36,136.5
C00139,27,67,3567,Month-To-Month,Credit Card,Yes,1,0,1,25-36,132.11111111111111
C00140,2,184,5021,One Year,Electronic Check,Yes,1,1,1,0-12,2510.5
C00141,46,112,6817,Two Year,Electronic Check,No,0,0,0,37-48,148.19565217391303
C00142,11,115,1713,Two Year,Bank Transfer,Yes,1,1,1,0-12,155.72727272727272
C00143,64,167,3677,Month-To-Month,Bank Transfer,No,0,0,0,61-72,57.453125
C00144,65,47,5540,One Year,Bank Transfer,Yes,1,0,1,61-72,85.23076923076923
C00145,21,173,7651,Two Year,Bank Transfer,Yes,0,0,1,13-24,364.3333333333333
C00146,29,42,2058,One Year,Credit Card,No,1,0,0,25-36,70.96551724137932
C00147,6,133,7448,One Year,Credit Card,No,0,1,0,0-12,1241.3333333333333
C00148,34,24,2004,Two Year,Bank Transfer,Yes,1,0,1,25-36,58.94117647058823
C00149,20,114,1250,One Year,Bank Transfer,Yes,0,0,1,13-24,62.5
C00150,42,132,3139,Month-To-Month,Electronic Check,No,0,0,0,37-48,74.73809523809524
C00151,5,105,5965,One Year,Credit Card,No,0,1,0,0-12,1193.0
C00152,45,139,7654,Month-To-Month,Credit Card,No,1,0,0,37-48,170.0888888888889
C00153,21,156,6366,Two Year,Electronic Check,No,0,0,0,13-24,303.14285714285717
C00154,37,158,3355,Two Year,Electronic Check,No,0,0,0,37-48,90.67567567567568
C00155,68,40,5920,Month-To-Month,Bank Transfer,Yes,1,0,1,61-72,87.05882352941177
C00156,26,148,4601,One Year,Bank Transfer,Yes,0,0,1,25-36,176.96153846153845
C00157,26,78,5632,Two Year,Electronic Check,Yes,1,0,1,25-36,216.6153846153846
C00158,1,86,7217,Two Year,Bank Transfer,Yes,0,0,1,0-12,7217.0
C00159,47,182,3250,One Year,Electronic Check,No,1,0,0,37-48,69.14893617021276
C00160,30,154,4096,One Year,Bank Transfer,Yes,0,0,1,25-36,136.53333333333333
C00161,51,78,984,Month-To-Month,Electronic Check,Yes,1,0,1,49-60,19.294117647058822
C00162,13,90,347,One Year,Electronic Check,Yes,0,0,1,13-24,26.692307692307693
C00163,64,185,3916,One Year,Credit Card,Yes,1,0,1,61-72,61.1875
C00164,60,171,220,Month-To-Month,Credit Card,No,1,0,0,49-60,3.6666666666666665
C00165,69,48,3419,One Year,Bank Transfer,Yes,1,0,1,61-72,49.55072463768116
C00166,40,105,791,One Year,Credit Card,Yes,0,0,1,37-48,19.775
C00167,23,110,6723,Two Year,Bank Transfer,Yes,1,0,1,13-24,292.30434782608694
C00168,42,80,5832,One Year,Electronic Check,No,1,0,0,37-48,138.85714285714286
C00169,13,99,2938,Month-To-Month,Credit Card,No,0,0,0,13-24,226.0
C00170,24,84,6882,One Year,Credit Card,Yes,0,0,1,13-24,286.75
C00171,22,61,5363,Two Year,Bank Transfer,Yes,1,0,1,13-24,243.77272727272728
C00172,10,115,3717,One Year,Electronic Check,Yes,0,1,1,0-12,371.7
C00173,62,160,1811,Month-To-Month,Credit Card,Yes,1,0,1,61-72,29.20967741935484
C00174,5,145,1090,Month-To-Month,Credit Card,No,1,1,0,0-12,218.0
C00175,20,76,6396,Two Year,Credit Card,Yes,1,0,1,13-24,319.8
C00176,68,67,1797,Two Year,Electronic Check,No,1,0,0,61-72,26.426470588235293
C00177,42,50,279,One Year,Electronic Check,No,0,0,0,37-48,6.642857142857143
C00178,3,180,3232,One Year,Bank Transfer,No,0,0,0,0-12,1077.3333333333333
C00179,68,193,3285,One Year,Credit Card,No,0,0,0,61-72,48.30882352941177
C00180,52,39,3233,Two Year,Credit Card,Yes,1,0,1,49-60,62.17307692307692
C00181,4,135,4742,Month-To-Month,Credit Card,No,1,1,0,0-12,1185.5
C00182,13,64,4297,Month-To-Month,Bank Transfer,Yes,1,0,1,13-24,330.53846153846155
C00183,56,151,735,Two Year,Credit Card,Yes,1,0,1,49-60,13.125
C00184,61,29,2290,One Year,Credit Card,Yes,0,0,1,61-72,37.540983606557376
C00185,47,130,2289,Month-To-Month,Bank Transfer,Yes,0,0,1,37-48,48.702127659574465
C00186,59,93,7342,Month-To-Month,Bank Transfer,No,0,0,0,49-60,124.44067796610169
C00187,47,199,6905,Two Year,Electronic Check,Yes,1,0,1,37-48,146.91489361702128
C00188,49,163,3776,One Year,Bank Transfer,No,0,0,0,49-60,77.06122448979592
C00189,31,100,4971,One Year,Electronic Check,Yes,0,0,1,25-36,160.3548387096774
C00190,52,185,7330,Two Year,Credit Card,Yes,0,0,1,49-60,140.96153846153845
C00191,46,51,466,One Year,Bank Transfer,Yes,0,0,1,37-48,10.130434782608695
C00192,43,31,7992,Month-To-Month,Credit Card,No,0,0,0,37-48,185.86046511627907
C00193,65,158,3712,One Year,Credit Card,No,0,0,0,61-72,57.10769230769231
C00194,71,138,6231,Month-To-Month,Electronic Check,No,0,0,0,61-72,87.7605633802817
C00195,27,121,4317,One Year,Bank Transfer,No,0,0,0,25-36,159.88888888888889
C00196,30,133,3029,Month-To-Month,Credit Card,Yes,1,0,1,25-36,100.96666666666667
C00197,37,152,2750,One Year,Credit Card,No,0,0,0,37-48,74.32432432432432
C00198,37,34,6987,Month-To-Month,Electronic Check,No,1,0,0,37-48,188.83783783783784
C00199,3,63,1535,Two Year,Electronic Check,No,0,0,0,0-12,511.6666666666667
C00200,42,143,7310,One Year,Electronic Check,Yes,0,0,1,37-48,174.04761904761904
C00201,50,170,3185,Two Year,Electronic Check,No,0,0,0,49-60,63.7
C00202,50,169,159,One Year,Bank Transfer,No,0,0,0,49-60,3.18
C00203,29,189,5035,One Year,Credit Card,Yes,1,0,1,25-36,173.6206896551724
C00204,15,55,5421,Two Year,Credit Card,No,0,0,0,13-24,361.4
C00205,69,40,3396,Month-To-Month,Credit Card,Yes,0,0,1,61-72,49.21739130434783
C00206,69,94,5765,Month-To-Month,Electronic Check,Yes,0,0,1,61-72,83.55072463768116
C00207,57,32,4351,One Year,Bank Transfer,No,0,0,0,49-60,76.33333333333333
C00208,70,171,4801,Month-To-Month,Electronic Check,No,0,0,0,61-72,68.58571428571429
C00209,46,199,4023,Month-To-Month,Electronic Check,Yes,0,0,1,37-48,87.45652173913044
C00210,65,82,7742,Two Year,Credit Card,Yes,0,0,1,61-72,119.1076923076923
C00211,65,113,2956,Month-To-Month,Credit Card,Yes,0,0,1,61-72,45.47692307692308
C00212,51,160,4278,Two Year,Credit Card,No,1,0,0,49-60,83.88235294117646
C00213,44,59,1893,Month-To-Month,Credit Card,Yes,0,0,1,37-48,43.02272727272727
C00214,7,142,3099,Month-To-Month,Bank Transfer,No,1,1,0,0-12,442.7142857142857
C00215,59,29,1393,One Year,Electronic Check,Yes,0,0,1,49-60,23.610169491525422
C00216,8,102,2161,One Year,Bank Transfer,Yes,1,0,1,0-12,270.125
C00217,10,152,5250,Month-To-Month,Credit Card,Yes,1,1,1,0-12,525.0
C00218,67,182,6193,Two Year,Bank Transfer,Yes,0,0,1,61-72,92.43283582089552
C00219,45,177,3091,One Year,Bank Transfer,No,0,0,0,37-48,68.68888888888888
C00220,33,198,2226,Two Year,Bank Transfer,Yes,0,0,1,25-36,67.45454545454545
C00221,57,118,5412,Two Year,Credit Card,No,1,0,0,49-60,94.94736842105263
C00222,67,37,1247,Month-To-Month,Credit Card,No,1,0,0,61-72,18.611940298507463
C00223,31,70,1256,Month-To-Month,Credit Card,No,0,0,0,25-36,40.516129032258064
C00224,19,43,6118,One Year,Electronic Check,Yes,0,0,1,13-24,322.0
C00225,40,156,7024,One Year,Electronic Check,No,0,0,0,37-48,175.6
C00226,24,142,7012,One Year,Credit Card,Yes,0,0,1,13-24,292.1666666666667
C00227,57,123,5830,Month-To-Month,Bank Transfer,Yes,0,0,1,49-60,102.28070175438596
C00228,53,183,4023,Two Year,Electronic Check,Yes,1,0,1,49-60,75.90566037735849
C00229,24,32,1635,One Year,Bank Transfer,No,1,0,0,13-24,68.125
C00230,32,149,5477,Two Year,Bank Transfer,No,1,0,0,25-36,171.15625
C00231,33,99,3225,One Year,Credit Card,No,1,0,0,25-36,97.72727272727273
C00232,20,151,2681,One Year,Credit Card,No,1,0,0,13-24,134.05
C00233,12,52,7459,Two Year,Electronic Check,No,0,0,0,0-12,621.5833333333334
C00234,61,24,217,One Year,Electronic Check,No,1,0,0,61-72,3.557377049180328
C00235,65,94,7183,One Year,Bank Transfer,No,1,0,0,61-72,110.50769230769231
C00236,13,115,6305,Two Year,Credit Card,No,1,0,0,13-24,485.0
C00237,61,51,810,One Year,Bank Transfer,No,0,0,0,61-72,13.278688524590164
C00238,33,151,6705,Month-To-Month,Bank Transfer,No,1,0,0,25-36,203.1818181818182
C00239,21,138,6404,Two Year,Credit Card,Yes,1,0,1,13-24,304.95238095238096
C00240,56,108,6378,Two Year,Bank Transfer,Yes,1,0,1,49-60,113.89285714285714
C00241,69,121,7669,One Year,Electronic Check,Yes,0,0,1,61-72,111.14492753623189
C00242,16,196,7704,Two Year,Electronic Check,No,0,0,0,13-24,481.5
C00243,28,33,1099,Two Year,Credit Card,No,1,0,0,25-36,39.25
C00244,53,123,4561,One Year,Bank Transfer,Yes,1,0,1,49-60,86.05660377358491
C00245,23,104,2991,Two Year,Electronic Check,No,0,0,0,13-24,130.04347826086956
C00246,15,60,3032,Month-To-Month,Bank Transfer,No,1,0,0,13-24,202.13333333333333
C00247,43,130,6856,One Year,Bank Transfer,No,0,0,0,37-48,159.4418604651163
C00248,60,48,4747,One Year,Bank Transfer,No,1,0,0,49-60,79.11666666666666
C00249,48,79,3083,One Year,Bank Transfer,Yes,1,0,1,37-48,64.22916666666667
C00250,58,90,3841,Two Year,Electronic Check,No,1,0,0,49-60,66.22413793103448
C00251,24,48,1639,Month-To-Month,Electronic Check,Yes,0,0,1,13-24,68.29166666666667
C00252,9,138,515,Two Year,Credit Card,No,0,1,0,0-12,57.22222222222222
C00253,55,71,1965,Two Year,Credit Card,Yes,1,0,1,49-60,35.72727272727273
C00254,26,182,3882,Month-To-Month,Electronic Check,Yes,0,0,1,25-36,149.30769230769232
C00255,31,88,4230,Two Year,Electronic Check,No,1,0,0,25-36,136.4516129032258
C00256,29,178,7961,Two Year,Electronic Check,Yes,0,0,1,25-36,274.51724137931035
C00257,65,30,6769,Month-To-Month,Credit Card,No,0,0,0,61-72,104.13846153846154
C00258,50,120,1839,Two Year,Credit Card,Yes,0,0,1,49-60,36.78
C00259,54,191,6674,Two Year,Credit Card,No,1,0,0,49-60,123.5925925925926
C00260,31,85,1935,One Year,Electronic Check,Yes,0,0,1,25-36,62.41935483870968
C00261,49,41,7108,Two Year,Bank Transfer,Yes,1,0,1,49-60,145.0612244897959
C00262,44,176,4069,Two Year,Bank Transfer,No,0,0,0,37-48,92.47727272727273
C00263,1,39,2429,Month-To-Month,Credit Card,Yes,1,1,1,0-12,2429.0
C00264,71,156,812,One Year,Credit Card,No,0,0,0,61-72,11.43661971830986
C00265,34,172,1619,Two Year,Electronic Check,Yes,1,0,1,25-36,47.61764705882353
C00266,6,115,1677,Two Year,Bank Transfer,Yes,1,0,1,0-12,279.5
C00267,29,92,1792,Month-To-Month,Credit Card,Yes,0,0,1,25-36,61.793103448275865
C00268,69,177,2153,Two Year,Bank Transfer,No,0,0,0,61-72,31.202898550724637
C00269,19,63,1186,Two Year,Electronic Check,No,1,0,0,13-24,62.421052631578945
C00270,43,81,7187,Two Year,Credit Card,No,1,0,0,37-48,167.13953488372093
C00271,8,160,7182,Month-To-Month,Bank Transfer,No,1,1,0,0-12,897.75
C00272,43,85,6192,One Year,Credit Card,Yes,1,0,1,37-48,144.0
C00273,29,64,6131,One Year,Electronic Check,Yes,0,0,1,25-36,211.41379310344828
C00274,67,142,1008,Month-To-Month,Electronic Check,No,1,0,0,61-72,15.044776119402986
C00275,66,196,2989,Month-To-Month,Electronic Check,No,0,0,0,61-72,45.28787878787879
C00276,49,94,4521,One Year,Bank Transfer,Yes,1,0,1,49-60,92.26530612244898
C00277,58,174,1493,Two Year,Credit Card,No,0,0,0,49-60,25.74137931034483
C00278,3,72,4282,One Year,Credit Card,Yes,0,0,1,0-12,1427.3333333333333
C00279,66,128,7087,One Year,Electronic Check,No,1,0,0,61-72,107.37878787878788
C00280,57,43,6209,Two Year,Bank Transfer,No,1,0,0,49-60,108.9298245614035
C00281,17,25,7759,Two Year,Credit Card,No,1,0,0,13-24,456.4117647058824
C00282,18,158,7475,Two Year,Electronic Check,Yes,0,0,1,13-24,415.27777777777777
C00283,2,56,7493,Month-To-Month,Electronic Check,No,1,1,0,0-12,3746.5
C00284,13,94,261,Month-To-Month,Bank Transfer,Yes,0,0,1,13-24,20.076923076923077
C00285,26,171,6538,Two Year,Credit Card,Yes,0,0,1,25-36,251.46153846153845
C00286,48,80,6186,Month-To-Month,Electronic Check,Yes,1,0,1,37-48,128.875
C00287,11,60,627,One Year,Electronic Check,No,0,0,0,0-12,57.0
C00288,42,83,1173,One Year,Bank Transfer,Yes,0,0,1,37-48,27.928571428571427
C00289,22,58,6472,One Year,Electronic Check,No,1,0,0,13-24,294.1818181818182
C00290,57,123,5518,One Year,Credit Card,Yes,1,0,1,49-60,96.80701754385964
C00291,63,177,5573,One Year,Credit Card,Yes,0,0,1,61-72,88.46031746031746
C00292,65,59,6420,Two Year,Credit Card,No,0,0,0,61-72,98.76923076923077
C00293,13,140,727,One Year,Bank Transfer,Yes,0,0,1,13-24,55.92307692307692
C00294,70,128,5423,Month-To-Month,Bank Transfer,Yes,0,0,1,61-72,77.47142857142858
C00295,6,59,6657,Two Year,Credit Card,No,0,0,0,0-12,1109.5
C00296,66,44,1995,One Year,Electronic Check,Yes,0,0,1,61-72,30.227272727272727
C00297,15,163,4659,Month-To-Month,Credit Card,No,0,0,0,13-24,310.6
C00298,66,136,7139,Month-To-Month,Bank Transfer,No,0,0,0,61-72,108.16666666666667
C00299,47,193,5219,Two Year,Credit Card,No,1,0,0,37-48,111.04255319148936
C00300,26,93,3151,One Year,Electronic Check,Yes,0,0,1,25-36,121.1923076923077
C00301,14,176,5655,One Year,Credit Card,Yes,1,0,1,13-24,403.92857142857144
C00302,65,84,1193,Month-To-Month,Electronic Check,No,1,0,0,61-72,18.353846153846153
C00303,58,128,7204,Month-To-Month,Bank Transfer,Yes,0,0,1,49-60,124.20689655172414
C00304,21,179,840,One Year,Bank Transfer,Yes,1,0,1,13-24,40.0
C00305,61,61,7474,Month-To-Month,Credit Card,No,1,0,0,61-72,122.52459016393442
C00306,11,88,7410,One Year,Credit Card,No,0,0,0,0-12,673.6363636363636
C00307,20,107,2288,Two Year,Bank Transfer,Yes,1,0,1,13-24,114.4
C00308,55,169,1513,Two Year,Electronic Check,No,0,0,0,49-60,27.509090909090908
C00309,9,149,1431,Month-To-Month,Electronic Check,No,0,1,0,0-12,159.0
C00310,41,98,7631,One Year,Bank Transfer,Yes,0,0,1,37-48,186.1219512195122
C00311,58,72,6062,Month-To-Month,Bank Transfer,No,0,0,0,49-60,104.51724137931035
C00312,61,177,5838,Month-To-Month,Credit Card,Yes,1,0,1,61-72,95.70491803278688
C00313,32,100,7901,One Year,Credit Card,Yes,0,0,1,25-36,246.90625
C00314,46,192,169,Month-To-Month,Bank Transfer,Yes,0,0,1,37-48,3.6739130434782608
C00315,28,185,4320,One Year,Credit Card,No,0,0,0,25-36,154.28571428571428
C00316,39,166,805,One Year,Credit Card,No,1,0,0,37-48,20.641025641025642
C00317,61,99,6541,Month-To-Month,Electronic Check,No,0,0,0,61-72,107.22950819672131
C00318,38,63,5531,Month-To-Month,Electronic Check,No,1,0,0,37-48,145.55263157894737
C00319,34,90,7911,Month-To-Month,Electronic Check,No,0,0,0,25-36,232.6764705882353
C00320,43,63,4351,Two Year,Bank Transfer,Yes,0,0,1,37-48,101.18604651162791
C00321,25,156,3381,One Year,Bank Transfer,No,1,0,0,25-36,135.24
C00322,52,60,2095,Two Year,Bank Transfer,Yes,1,0,1,49-60,40.28846153846154
C00323,18,147,2845,Month-To-Month,Bank Transfer,Yes,0,0,1,13-24,158.05555555555554
C00324,9,55,4064,Month-To-Month,Bank Transfer,Yes,0,1,1,0-12,451.55555555555554
C00325,57,80,177,One Year,Credit Card,No,0,0,0,49-60,3.1052631578947367
C00326,45,125,5533,One Year,Credit Card,No,0,0,0,37-48,122.95555555555555
C00327,51,98,6795,Two Year,Credit Card,Yes,1,0,1,49-60,133.23529411764707
C00328,57,115,7867,Month-To-Month,Electronic Check,Yes,0,0,1,49-60,138.01754385964912
C00329,29,90,2039,One Year,Credit Card,No,0,0,0,25-36,70.3103448275862
C00330,50,151,3525,One Year,Electronic Check,Yes,0,0,1,49-60,70.5
C00331,25,180,6676,Two Year,Electronic Check,No,1,0,0,25-36,267.04
C00332,55,84,4026,Month-To-Month,Credit Card,Yes,0,0,1,49-60,73.2
C00333,31,40,7644,One Year,Credit Card,No,0,0,0,25-36,246.58064516129033
C00334,11,185,7387,One Year,Bank Transfer,Yes,0,0,1,0-12,671.5454545454545
C00335,43,70,1690,Month-To-Month,Bank Transfer,No,1,0,0,37-48,39.30232558139535
C00336,18,188,2878,Month-To-Month,Electronic Check,No,0,0,0,13-24,159.88888888888889
C00337,9,24,3090,Two Year,Electronic Check,No,1,0,0,0-12,343.3333333333333
C00338,6,161,458,Month-To-Month,Electronic Check,Yes,0,1,1,0-12,76.33333333333333
C00339,28,95,6110,One Year,Electronic Check,No,1,0,0,25-36,218.21428571428572
C00340,4,20,5182,Two Year,Bank Transfer,Yes,1,0,1,0-12,1295.5
C00341,68,46,7768,Month-To-Month,Electronic Check,No,0,0,0,61-72,114.23529411764706
C00342,58,142,1452,One Year,Credit Card,Yes,1,0,1,49-60,25.03448275862069
C00343,67,67,1052,Month-To-Month,Electronic Check,Yes,1,0,1,61-72,15.701492537313433
C00344,32,80,2998,Two Year,Electronic Check,Yes,1,0,1,25-36,93.6875
C00345,65,29,3138,One Year,Bank Transfer,No,1,0,0,61-72,48.276923076923076
C00346,10,89,6631,Month-To-Month,Electronic Check,No,0,1,0,0-12,663.1
C00347,65,178,4809,One Year,Electronic Check,No,0,0,0,61-72,73.98461538461538
C00348,3,129,7607,Month-To-Month,Bank Transfer,No,1,1,0,0-12,2535.6666666666665
C00349,32,138,714,One Year,Electronic Check,No,0,0,0,25-36,22.3125
C00350,54,181,6354,Month-To-Month,Electronic Check,Yes,0,0,1,49-60,117.66666666666667
C00351,57,187,774,One Year,Bank Transfer,Yes,0,0,1,49-60,13.578947368421053
C00352,34,38,7888,Month-To-Month,Credit Card,Yes,1,0,1,25-36,232.0
C00353,6,137,4804,One Year,Electronic Check,Yes,0,1,1,0-12,800.6666666666666
C00354,7,54,1631,One Year,Credit Card,Yes,1,0,1,0-12,233.0
C00355,39,170,4762,Month-To-Month,Electronic Check,No,0,0,0,37-48,122.1025641025641
C00356,44,68,1931,Two Year,Bank Transfer,No,1,0,0,37-48,43.88636363636363
C00357,47,46,7361,One Year,Credit Card,Yes,1,0,1,37-48,156.61702127659575
C00358,66,184,1534,Month-To-Month,Electronic Check,Yes,0,0,1,61-72,23.242424242424242
C00359,46,119,656,Month-To-Month,Bank Transfer,No,1,0,0,37-48,14.26086956521739
C00360,49,168,4471,Two Year,Bank Transfer,Yes,1,0,1,49-60,91.24489795918367
C00361,45,118,4416,Two Year,Bank Transfer,No,0,0,0,37-48,98.13333333333334
C00362,5,134,3651,One Year,Credit Card,Yes,1,1,1,0-12,730.2
C00363,30,138,1585,One Year,Bank Transfer,Yes,0,0,1,25-36,52.833333333333336
C00364,48,53,7371,Two Year,Credit Card,No,0,0,0,37-48,153.5625
C00365,17,24,1389,One Year,Bank Transfer,No,0,0,0,13-24,81.70588235294117
C00366,17,124,1196,Month-To-Month,Credit Card,No,1,0,0,13-24,70.3529411764706
C00367,33,101,2979,Two Year,Credit Card,Yes,0,0,1,25-36,90.27272727272727
C00368,10,81,5158,One Year,Electronic Check,Yes,1,0,1,0-12,515.8
C00369,37,58,5083,Month-To-Month,Credit Card,No,1,0,0,37-48,137.3783783783784
C00370,32,148,2526,Two Year,Electronic Check,No,1,0,0,25-36,78.9375
C00371,20,49,5058,One Year,Electronic Check,No,1,0,0,13-24,252.9
C00372,14,27,2388,Two Year,Bank Transfer,Yes,0,0,1,13-24,170.57142857142858
C00373,57,126,1514,Month-To-Month,Bank Transfer,Yes,0,0,1,49-60,26.56140350877193
C00374,40,130,5612,One Year,Electronic Check,Yes,1,0,1,37-48,140.3
C00375,29,20,4628,One Year,Bank Transfer,Yes,1,0,1,25-36,159.58620689655172
C00376,33,196,2107,One Year,Bank Transfer,Yes,0,0,1,25-36,63.84848484848485
C00377,36,192,3483,One Year,Electronic Check,No,0,0,0,25-36,96.75
C00378,31,181,4712,Two Year,Bank Transfer,No,1,0,0,25-36,152.0
C00379,41,76,4187,Two Year,Bank Transfer,No,1,0,0,37-48,102.1219512195122
C00380,21,180,3061,One Year,Bank Transfer,No,0,0,0,13-24,145.76190476190476
C00381,68,67,2144,Two Year,Credit Card,Yes,1,0,1,61-72,31.529411764705884
C00382,67,64,5558,One Year,Credit Card,Yes,0,0,1,61-72,82.95522388059702
C00383,24,185,1550,Two Year,Electronic Check,No,1,0,0,13-24,64.58333333333333
C00384,47,187,4343,One Year,Bank Transfer,Yes,1,0,1,37-48,92.40425531914893
C00385,1,188,7165,Month-To-Month,Bank Transfer,No,0,1,0,0-12,7165.0
C00386,25,90,1649,Month-To-Month,Credit Card,No,1,0,0,25-36,65.96
C00387,70,168,2375,One Year,Bank Transfer,Yes,0,0,1,61-72,33.92857142857143
C00388,42,156,2302,Two Year,Electronic Check,No,0,0,0,37-48,54.80952380952381
C00389,42,126,5532,Month-To-Month,Credit Card,No,0,0,0,37-48,131.71428571428572
C00390,4,105,2534,Month-To-Month,Electronic Check,Yes,0,1,1,0-12,633.5
C00391,3,79,1299,One Year,Credit Card,No,1,0,0,0-12,433.0
C00392,56,147,253,Month-To-Month,Credit Card,Yes,0,0,1,49-60,4.517857142857143
C00393,6,63,2156,Month-To-Month,Credit Card,Yes,1,1,1,0-12,359.3333333333333
C00394,22,65,1947,Month-To-Month,Bank Transfer,Yes,1,0,1,13-24,88.5
C00395,61,116,6302,One Year,Electronic Check,Yes,0,0,1,61-72,103.31147540983606
C00396,57,134,2241,Month-To-Month,Electronic Check,Yes,1,0,1,49-60,39.31578947368421
C00397,5,39,3370,Month-To-Month,Credit Card,Yes,0,1,1,0-12,674.0
C00398,59,95,7232,Two Year,Credit Card,Yes,1,0,1,49-60,122.57627118644068
C00399,62,159,446,One Year,Bank Transfer,No,0,0,0,61-72,7.193548387096774
C00400,53,27,4429,Two Year,Electronic Check,No,0,0,0,49-60,83.56603773584905
C00401,6,198,6427,Month-To-Month,Credit Card,No,1,1,0,0-12,1071.1666666666667
C00402,45,199,7564,Month-To-Month,Credit Card,Yes,0,0,1,37-48,168.0888888888889
C00403,69,115,4730,One Year,Credit Card,Yes,1,0,1,61-72,68.55072463768116
C00404,20,37,4631,Month-To-Month,Electronic Check,No,0,0,0,13-24,231.55
C00405,25,184,7662,Month-To-Month,Credit Card,No,1,0,0,25-36,306.48
C00406,45,104,2541,Month-To-Month,Electronic Check,No,1,0,0,37-48,56.46666666666667
C00407,3,75,3048,One Year,Electronic Check,No,0,0,0,0-12,1016.0
C00408,5,44,7840,One Year,Credit Card,No,0,0,0,0-12,1568.0
C00409,48,46,6056,Month-To-Month,Bank Transfer,No,0,0,0,37-48,126.16666666666667
C00410,48,149,7690,Month-To-Month,Bank Transfer,Yes,1,0,1,37-48,160.20833333333334
C00411,23,134,4413,One Year,Electronic Check,No,1,0,0,13-24,191.8695652173913
C00412,48,95,1168,One Year,Bank Transfer,Yes,0,0,1,37-48,24.333333333333332
C00413,64,131,3127,Two Year,Electronic Check,No,0,0,0,61-72,48.859375
C00414,2,158,3460,Two Year,Electronic Check,No,0,0,0,0-12,1730.0
C00415,48,87,6197,One Year,Credit Card,Yes,1,0,1,37-48,129.10416666666666
C00416,48,151,530,Two Year,Credit Card,Yes,0,0,1,37-48,11.041666666666666
C00417,51,83,7409,Two Year,Bank Transfer,Yes,0,0,1,49-60,145.27450980392157
C00418,59,183,4605,One Year,Electronic Check,Yes,0,0,1,49-60,78.05084745762711
C00419,35,113,6754,Month-To-Month,Bank Transfer,No,1,0,0,25-36,192.97142857142856
C00420,18,53,6260,Month-To-Month,Bank Transfer,Yes,0,0,1,13-24,347.77777777777777
C00421,39,146,3886,One Year,Bank Transfer,Yes,1,0,1,37-48,99.64102564102564
C00422,14,158,1718,One Year,Bank Transfer,No,1,0,0,13-24,122.71428571428571
C00423,5,172,2066,One Year,Bank Transfer,No,1,0,0,0-12,413.2
C00424,5,93,3720,Month-To-Month,Credit Card,Yes,0,1,1,0-12,744.0
C00425,52,47,7270,Two Year,Electronic Check,Yes,0,0,1,49-60,139.80769230769232
C00426,54,61,1714,Month-To-Month,Bank Transfer,No,1,0,0,49-60,31.74074074074074
C00427,34,191,4220,One Year,Bank Transfer,Yes,0,0,1,25-36,124.11764705882354
C00428,3,178,1423,Month-To-Month,Credit Card,Yes,1,1,1,0-12,474.3333333333333
C00429,36,169,7102,One Year,Electronic Check,No,1,0,0,25-36,197.27777777777777
C00430,10,21,4968,One Year,Electronic Check,No,1,0,0,0-12,496.8
C00431,70,156,2011,Two Year,Credit Card,Yes,0,0,1,61-72,28.728571428571428
C00432,62,116,2103,One Year,Electronic Check,No,1,0,0,61-72,33.91935483870968
C00433,14,162,325,Two Year,Credit Card,Yes,0,0,1,13-24,23.214285714285715
C00434,67,21,5850,Two Year,Electronic Check,Yes,0,0,1,61-72,87.31343283582089
C00435,8,152,499,Month-To-Month,Electronic Check,No,0,1,0,0-12,62.375
C00436,29,151,1329,Month-To-Month,Bank Transfer,Yes,1,0,1,25-36,45.827586206896555
C00437,30,100,3098,Month-To-Month,Electronic Check,No,0,0,0,25-36,103.26666666666667
C00438,68,93,3075,Month-To-Month,Credit Card,Yes,0,0,1,61-72,45.220588235294116
C00439,46,76,5865,One Year,Electronic Check,No,1,0,0,37-48,127.5
C00440,60,47,6373,Month-To-Month,Credit Card,No,1,0,0,49-60,106.21666666666667
C00441,61,26,3471,One Year,Credit Card,No,0,0,0,61-72,56.90163934426229
C00442,52,70,5784,Two Year,Electronic Check,No,0,0,0,49-60,111.23076923076923
C00443,29,85,5965,Two Year,Credit Card,No,0,0,0,25-36,205.68965517241378
C00444,59,126,6287,One Year,Credit Card,No,1,0,0,49-60,106.55932203389831
C00445,58,150,5290,One Year,Credit Card,No,1,0,0,49-60,91.20689655172414
C00446,8,168,7608,Two Year,Credit Card,No,0,0,0,0-12,951.0
C00447,13,190,6568,Month-To-Month,Electronic Check,Yes,1,0,1,13-24,505.2307692307692
C00448,50,190,6770,Month-To-Month,Credit Card,No,1,0,0,49-60,135.4
C00449,59,165,7758,One Year,Electronic Check,Yes,1,0,1,49-60,131.4915254237288
C00450,15,113,6537,Two Year,Electronic Check,No,1,0,0,13-24,435.8
C00451,64,57,5241,One Year,Electronic Check,No,0,0,0,61-72,81.890625
C00452,19,192,2908,One Year,Credit Card,No,1,0,0,13-24,153.05263157894737
C00453,36,67,4566,Month-To-Month,Electronic Check,No,1,0,0,25-36,126.83333333333333
C00454,68,24,3316,One Year,Bank Transfer,No,0,0,0,61-72,48.76470588235294
C00455,10,34,5589,Month-To-Month,Credit Card,No,0,1,0,0-12,558.9
C00456,1,30,6242,Two Year,Bank Transfer,No,0,0,0,0-12,6242.0
C00457,31,160,5208,One Year,Electronic Check,Yes,1,0,1,25-36,168.0
C00458,1,186,622,Two Year,Electronic Check,Yes,1,1,1,0-12,622.0
C00459,53,102,7501,Month-To-Month,Credit Card,No,1,0,0,49-60,141.52830188679246
C00460,28,187,3207,One Year,Electronic Check,Yes,0,0,1,25-36,114.53571428571429
C00461,49,80,3534,Month-To-Month,Credit Card,No,1,0,0,49-60,72.12244897959184
C00462,40,158,4093,One Year,Electronic Check,Yes,0,0,1,37-48,102.325
C00463,56,143,6530,One Year,Bank Transfer,Yes,1,0,1,49-60,116.60714285714286
C00464,10,168,5667,One Year,Electronic Check,Yes,1,1,1,0-12,566.7
C00465,63,125,6204,Month-To-Month,Bank Transfer,No,0,0,0,61-72,98.47619047619048
C00466,38,59,3970,One Year,Credit Card,No,0,0,0,37-48,104.47368421052632
C00467,46,37,5635,Two Year,Electronic Check,No,0,0,0,37-48,122.5
C00468,23,23,4012,One Year,Electronic Check,Yes,1,0,1,13-24,174.43478260869566
C00469,53,146,6760,One Year,Bank Transfer,Yes,1,0,1,49-60,127.54716981132076
C00470,6,115,4534,Month-To-Month,Bank Transfer,Yes,1,1,1,0-12,755.6666666666666
C00471,2,194,5397,Month-To-Month,Electronic Check,Yes,0,1,1,0-12,2698.5
C00472,52,55,2628,Month-To-Month,Credit Card,No,1,0,0,49-60,50.53846153846154
C00473,45,187,1946,One Year,Electronic Check,Yes,0,0,1,37-48,43.24444444444445
C00474,13,106,5999,Two Year,Credit Card,No,1,0,0,13-24,461.46153846153845
C00475,19,82,7583,Month-To-Month,Credit Card,Yes,0,0,1,13-24,399.10526315789474
C00476,44,24,6003,Two Year,Credit Card,Yes,1,0,1,37-48,136.4318181818182
C00477,14,131,903,Two Year,Electronic Check,Yes,1,0,1,13-24,64.5
C00478,29,117,3187,Two Year,Electronic Check,Yes,1,0,1,25-36,109.89655172413794
C00479,32,59,4807,Month-To-Month,Credit Card,No,1,0,0,25-36,150.21875
C00480,11,160,4666,Two Year,Credit Card,No,0,1,0,0-12,424.1818181818182
C00481,69,58,3105,One Year,Electronic Check,Yes,0,0,1,61-72,45.0
C00482,32,199,5789,Month-To-Month,Electronic Check,Yes,0,0,1,25-36,180.90625
C00483,13,189,6302,Two Year,Bank Transfer,No,0,0,0,13-24,484.7692307692308
C00484,27,147,7103,Two Year,Credit Card,Yes,1,0,1,25-36,263.0740740740741
C00485,50,74,7599,Month-To-Month,Credit Card,No,1,0,0,49-60,151.98
C00486,66,67,6774,Month-To-Month,Bank Transfer,No,1,0,0,61-72,102.63636363636364
C00487,57,165,5425,Month-To-Month,Credit Card,No,0,0,0,49-60,95.17543859649123
C00488,9,72,2417,Month-To-Month,Electronic Check,Yes,1,1,1,0-12,268.55555555555554
C00489,66,156,677,Month-To-Month,Credit Card,Yes,0,0,1,61-72,10.257575757575758
C00490,56,52,4061,One Year,Electronic Check,Yes,1,0,1,49-60,72.51785714285714
C00491,44,30,4695,One Year,Credit Card,Yes,1,0,1,37-48,106.70454545454545
C00492,54,123,7652,Month-To-Month,Electronic Check,No,1,0,0,49-60,141.7037037037037
C00493,2,114,5468,One Year,Credit Card,Yes,1,0,1,0-12,2734.0
C00494,68,128,2102,Month-To-Month,Electronic Check,Yes,1,0,1,61-72,30.91176470588235
C00495,22,164,2339,One Year,Credit Card,No,0,0,0,13-24,106.31818181818181
C00496,50,128,6970,Month-To-Month,Credit Card,Yes,1,0,1,49-60,139.4
C00497,2,49,5917,Two Year,Bank Transfer,No,1,0,0,0-12,2958.5
C00498,46,198,2158,Month-To-Month,Bank Transfer,No,0,0,0,37-48,46.91304347826087
C00499,1,185,5755,Two Year,Credit Card,Yes,1,1,1,0-12,5755.0
C00500,27,181,4292,Month-To-Month,Bank Transfer,No,1,0,0,25-36,158.96296296296296
